movie_id,title
0,Movie 1
1,Movie 2
2,Movie 3
3,Movie 4
4,Movie 5
5,Movie 6
6,Movie 7
7,Movie 8
8,Movie 9
9,Movie 10
10,Movie 11
11,Movie 12
12,Movie 13
13,Movie 14
14,Movie 15
15,Movie 16
16,Movie 17
17,Movie 18
18,Movie 19
19,Movie 20
20,Movie 21
21,Movie 22
22,Movie 23
23,Movie 24
24,Movie 25
25,Movie 26
26,Movie 27
27,Movie 28
28,Movie 29
29,Movie 30
30,Movie 31
31,Movie 32
32,Movie 33
33,Movie 34
34,Movie 35
35,Movie 36
36,Movie 37
37,Movie 38
38,Movie 39
39,Movie 40
40,Movie 41
41,Movie 42
42,Movie 43
43,Movie 44
44,Movie 45
45,Movie 46
46,Movie 47
47,Movie 48
48,Movie 49
49,Movie 50
50,Movie 51
51,Movie 52
52,Movie 53
53,Movie 54
54,Movie 55
55,Movie 56
56,Movie 57
57,Movie 58
58,Movie 59
59,Movie 60
60,Movie 61
61,Movie 62
62,Movie 63
63,Movie 64
64,Movie 65
65,Movie 66
66,Movie 67
67,Movie 68
68,Movie 69
69,Movie 70
70,Movie 71
71,Movie 72
72,Movie 73
73,Movie 74
74,Movie 75
75,Movie 76
76,Movie 77
77,Movie 78
78,Movie 79
79,Movie 80
80,Movie 81
81,Movie 82
82,Movie 83
83,Movie 84
84,Movie 85
85,Movie 86
86,Movie 87
87,Movie 88
88,Movie 89
89,Movie 90
90,Movie 91
91,Movie 92
92,Movie 93
93,Movie 94
94,Movie 95
95,Movie 96
96,Movie 97
97,Movie 98
98,Movie 99
99,Movie 100
100,Movie 101
101,Movie 102
102,Movie 103
103,Movie 104
104,Movie 105
105,Movie 106
106,Movie 107
107,Movie 108
108,Movie 109
109,Movie 110
110,Movie 111
111,Movie 112
112,Movie 113
113,Movie 114
114,Movie 115
115,Movie 116
116,Movie 117
117,Movie 118
118,Movie 119
119,Movie 120
120,Movie 121
121,Movie 122
122,Movie 123
123,Movie 124
124,Movie 125
125,Movie 126
126,Movie 127
127,Movie 128
128,Movie 129
129,Movie 130
130,Movie 131
131,Movie 132
132,Movie 133
133,Movie 134
134,Movie 135
135,Movie 136
136,Movie 137
137,Movie 138
138,Movie 139
139,Movie 140
140,Movie 141
141,Movie 142
142,Movie 143
143,Movie 144
144,Movie 145
145,Movie 146
146,Movie 147
147,Movie 148
148,Movie 149
149,Movie 150
